[{"model": "admin.logentry", "pk": 1, "fields": {"action_time": "2021-08-25T14:16:34.509Z", "user": 1, "content_type": 7, "object_id": "1", "object_repr": "xenadesigns.example.com", "action_flag": 2, "change_message": "[{\"changed\": {\"fields\": [\"Domain name\", \"Display name\"]}}]"}}, {"model": "admin.logentry", "pk": 2, "fields": {"action_time": "2021-08-25T14:23:21.570Z", "user": 1, "content_type": 8, "object_id": "1", "object_repr": "ali.sadiq91@gmail.com", "action_flag": 2, "change_message": "[{\"changed\": {\"fields\": [\"Verified\", \"Primary\"]}}]"}}, {"model": "admin.logentry", "pk": 3, "fields": {"action_time": "2021-09-15T14:04:11.232Z", "user": 1, "content_type": 13, "object_id": "1", "object_repr": "Home Furnishing", "action_flag": 1, "change_message": "[{\"added\": {}}]"}}, {"model": "admin.logentry", "pk": 4, "fields": {"action_time": "2021-09-15T14:04:31.610Z", "user": 1, "content_type": 13, "object_id": "2", "object_repr": "Special Occasion", "action_flag": 1, "change_message": "[{\"added\": {}}]"}}, {"model": "admin.logentry", "pk": 5, "fields": {"action_time": "2021-09-15T14:04:38.559Z", "user": 1, "content_type": 13, "object_id": "3", "object_repr": "Accessories", "action_flag": 1, "change_message": "[{\"added\": {}}]"}}, {"model": "admin.logentry", "pk": 6, "fields": {"action_time": "2021-09-15T14:04:54.358Z", "user": 1, "content_type": 13, "object_id": "4", "object_repr": "Personalised Gifts", "action_flag": 1, "change_message": "[{\"added\": {}}]"}}, {"model": "admin.logentry", "pk": 7, "fields": {"action_time": "2021-09-15T14:14:00.097Z", "user": 1, "content_type": 13, "object_id": "4", "object_repr": "personalised", "action_flag": 2, "change_message": "[{\"changed\": {\"fields\": [\"Name\"]}}]"}}, {"model": "admin.logentry", "pk": 8, "fields": {"action_time": "2021-09-15T14:14:04.085Z", "user": 1, "content_type": 13, "object_id": "3", "object_repr": "Accessories", "action_flag": 2, "change_message": "[]"}}, {"model": "admin.logentry", "pk": 9, "fields": {"action_time": "2021-09-15T14:14:08.770Z", "user": 1, "content_type": 13, "object_id": "4", "object_repr": "Personalised", "action_flag": 2, "change_message": "[{\"changed\": {\"fields\": [\"Name\"]}}]"}}, {"model": "admin.logentry", "pk": 10, "fields": {"action_time": "2021-09-15T14:14:17.033Z", "user": 1, "content_type": 13, "object_id": "2", "object_repr": "Occasions", "action_flag": 2, "change_message": "[{\"changed\": {\"fields\": [\"Name\"]}}]"}}, {"model": "admin.logentry", "pk": 11, "fields": {"action_time": "2021-09-15T14:14:26.160Z", "user": 1, "content_type": 13, "object_id": "1", "object_repr": "Home", "action_flag": 2, "change_message": "[{\"changed\": {\"fields\": [\"Name\", \"Friendly name\"]}}]"}}, {"model": "admin.logentry", "pk": 12, "fields": {"action_time": "2021-09-15T15:30:09.709Z", "user": 1, "content_type": 13, "object_id": "1", "object_repr": "Coasters", "action_flag": 2, "change_message": "[{\"changed\": {\"fields\": [\"Name\", \"Friendly name\"]}}]"}}, {"model": "admin.logentry", "pk": 13, "fields": {"action_time": "2021-09-15T15:30:16.145Z", "user": 1, "content_type": 13, "object_id": "5", "object_repr": "Trays", "action_flag": 1, "change_message": "[{\"added\": {}}]"}}, {"model": "admin.logentry", "pk": 14, "fields": {"action_time": "2021-09-15T15:30:28.809Z", "user": 1, "content_type": 13, "object_id": "6", "object_repr": "Cake Stands", "action_flag": 1, "change_message": "[{\"added\": {}}]"}}, {"model": "admin.logentry", "pk": 15, "fields": {"action_time": "2021-09-15T15:32:09.387Z", "user": 1, "content_type": 14, "object_id": "1", "object_repr": "Anemone Coaster", "action_flag": 1, "change_message": "[{\"added\": {}}]"}}, {"model": "admin.logentry", "pk": 16, "fields": {"action_time": "2021-09-15T15:32:14.922Z", "user": 1, "content_type": 14, "object_id": "1", "object_repr": "Anemone Coaster", "action_flag": 2, "change_message": "[{\"changed\": {\"fields\": [\"Sku\"]}}]"}}, {"model": "admin.logentry", "pk": 17, "fields": {"action_time": "2021-09-15T17:24:50.003Z", "user": 1, "content_type": 14, "object_id": "1", "object_repr": "Anemone Coaster", "action_flag": 2, "change_message": "[{\"changed\": {\"fields\": [\"Description\"]}}]"}}, {"model": "admin.logentry", "pk": 18, "fields": {"action_time": "2021-09-15T17:25:36.267Z", "user": 1, "content_type": 14, "object_id": "2", "object_repr": "Black/Silver Coaster Set", "action_flag": 1, "change_message": "[{\"added\": {}}]"}}, {"model": "admin.logentry", "pk": 19, "fields": {"action_time": "2021-09-15T17:26:08.913Z", "user": 1, "content_type": 14, "object_id": "3", "object_repr": "Bonfire Coaster", "action_flag": 1, "change_message": "[{\"added\": {}}]"}}, {"model": "admin.logentry", "pk": 20, "fields": {"action_time": "2021-09-15T17:26:49.612Z", "user": 1, "content_type": 14, "object_id": "4", "object_repr": "Citrus Coaster", "action_flag": 1, "change_message": "[{\"added\": {}}]"}}, {"model": "admin.logentry", "pk": 21, "fields": {"action_time": "2021-09-15T17:26:58.491Z", "user": 1, "content_type": 14, "object_id": "4", "object_repr": "Citrus Coaster", "action_flag": 2, "change_message": "[{\"changed\": {\"fields\": [\"Image\"]}}]"}}, {"model": "admin.logentry", "pk": 22, "fields": {"action_time": "2021-09-15T17:27:42.570Z", "user": 1, "content_type": 14, "object_id": "5", "object_repr": "Coffee Coaster", "action_flag": 1, "change_message": "[{\"added\": {}}]"}}, {"model": "admin.logentry", "pk": 23, "fields": {"action_time": "2021-09-15T17:28:46.779Z", "user": 1, "content_type": 14, "object_id": "6", "object_repr": "Flavia Coaster", "action_flag": 1, "change_message": "[{\"added\": {}}]"}}, {"model": "admin.logentry", "pk": 24, "fields": {"action_time": "2021-09-15T17:29:16.385Z", "user": 1, "content_type": 14, "object_id": "7", "object_repr": "Grapefruit Coaster", "action_flag": 1, "change_message": "[{\"added\": {}}]"}}, {"model": "admin.logentry", "pk": 25, "fields": {"action_time": "2021-09-15T17:29:41.693Z", "user": 1, "content_type": 14, "object_id": "8", "object_repr": "Honey Coaster", "action_flag": 1, "change_message": "[{\"added\": {}}]"}}, {"model": "admin.logentry", "pk": 26, "fields": {"action_time": "2021-09-15T17:30:11.454Z", "user": 1, "content_type": 14, "object_id": "9", "object_repr": "Hot Pink Coaster", "action_flag": 1, "change_message": "[{\"added\": {}}]"}}, {"model": "admin.logentry", "pk": 27, "fields": {"action_time": "2021-09-15T17:30:21.096Z", "user": 1, "content_type": 14, "object_id": "9", "object_repr": "Hot Pink Coaster", "action_flag": 2, "change_message": "[{\"changed\": {\"fields\": [\"Sku\"]}}]"}}, {"model": "admin.logentry", "pk": 28, "fields": {"action_time": "2021-09-15T17:30:58.215Z", "user": 1, "content_type": 14, "object_id": "10", "object_repr": "Lime Coaster", "action_flag": 1, "change_message": "[{\"added\": {}}]"}}, {"model": "admin.logentry", "pk": 29, "fields": {"action_time": "2021-09-15T17:31:53.566Z", "user": 1, "content_type": 14, "object_id": "11", "object_repr": "Magical Night Coaster", "action_flag": 1, "change_message": "[{\"added\": {}}]"}}, {"model": "admin.logentry", "pk": 30, "fields": {"action_time": "2021-09-15T17:32:31.621Z", "user": 1, "content_type": 14, "object_id": "12", "object_repr": "Noir Coaster", "action_flag": 1, "change_message": "[{\"added\": {}}]"}}, {"model": "admin.logentry", "pk": 31, "fields": {"action_time": "2021-09-15T17:32:38.410Z", "user": 1, "content_type": 14, "object_id": "11", "object_repr": "Magical Night Coaster", "action_flag": 2, "change_message": "[]"}}, {"model": "admin.logentry", "pk": 32, "fields": {"action_time": "2021-09-15T17:33:28.974Z", "user": 1, "content_type": 14, "object_id": "13", "object_repr": "Pearl Coaster Set", "action_flag": 1, "change_message": "[{\"added\": {}}]"}}, {"model": "admin.logentry", "pk": 33, "fields": {"action_time": "2021-09-15T17:34:06.299Z", "user": 1, "content_type": 14, "object_id": "14", "object_repr": "Rose Gold Vert Coaster Set", "action_flag": 1, "change_message": "[{\"added\": {}}]"}}, {"model": "admin.logentry", "pk": 34, "fields": {"action_time": "2021-09-15T17:34:32.005Z", "user": 1, "content_type": 14, "object_id": "15", "object_repr": "Rose Petal Coaster", "action_flag": 1, "change_message": "[{\"added\": {}}]"}}, {"model": "admin.logentry", "pk": 35, "fields": {"action_time": "2021-09-15T17:35:04.580Z", "user": 1, "content_type": 14, "object_id": "16", "object_repr": "Royal Blue Coaster", "action_flag": 1, "change_message": "[{\"added\": {}}]"}}, {"model": "admin.logentry", "pk": 36, "fields": {"action_time": "2021-09-15T17:36:24.096Z", "user": 1, "content_type": 14, "object_id": "17", "object_repr": "Snowflake Coaster set", "action_flag": 1, "change_message": "[{\"added\": {}}]"}}, {"model": "admin.logentry", "pk": 37, "fields": {"action_time": "2021-09-15T17:37:02.103Z", "user": 1, "content_type": 14, "object_id": "18", "object_repr": "Tea Coaster", "action_flag": 1, "change_message": "[{\"added\": {}}]"}}, {"model": "admin.logentry", "pk": 38, "fields": {"action_time": "2021-09-15T17:37:54.984Z", "user": 1, "content_type": 14, "object_id": "19", "object_repr": "Teal Silver Coaster", "action_flag": 1, "change_message": "[{\"added\": {}}]"}}, {"model": "admin.logentry", "pk": 39, "fields": {"action_time": "2021-09-15T17:38:22.478Z", "user": 1, "content_type": 14, "object_id": "20", "object_repr": "Tropical Coaster", "action_flag": 1, "change_message": "[{\"added\": {}}]"}}, {"model": "admin.logentry", "pk": 40, "fields": {"action_time": "2021-09-15T17:38:46.977Z", "user": 1, "content_type": 14, "object_id": "21", "object_repr": "Violet Coaster Set", "action_flag": 1, "change_message": "[{\"added\": {}}]"}}, {"model": "admin.logentry", "pk": 41, "fields": {"action_time": "2021-09-15T17:39:29.526Z", "user": 1, "content_type": 14, "object_id": "22", "object_repr": "White Marble Coaster", "action_flag": 1, "change_message": "[{\"added\": {}}]"}}, {"model": "admin.logentry", "pk": 42, "fields": {"action_time": "2021-09-15T17:41:55.724Z", "user": 1, "content_type": 13, "object_id": "1", "object_repr": "Coasters", "action_flag": 2, "change_message": "[]"}}, {"model": "admin.logentry", "pk": 43, "fields": {"action_time": "2021-09-15T17:43:19.627Z", "user": 1, "content_type": 14, "object_id": "23", "object_repr": "Birthday Love Frame", "action_flag": 1, "change_message": "[{\"added\": {}}]"}}, {"model": "admin.logentry", "pk": 44, "fields": {"action_time": "2021-09-15T17:44:17.137Z", "user": 1, "content_type": 14, "object_id": "24", "object_repr": "Polaroid Stand", "action_flag": 1, "change_message": "[{\"added\": {}}]"}}, {"model": "admin.logentry", "pk": 45, "fields": {"action_time": "2021-09-15T17:45:45.917Z", "user": 1, "content_type": 14, "object_id": "25", "object_repr": "Gold Bridal Bouquet Disc", "action_flag": 1, "change_message": "[{\"added\": {}}]"}}, {"model": "admin.logentry", "pk": 46, "fields": {"action_time": "2021-09-15T17:46:49.463Z", "user": 1, "content_type": 14, "object_id": "26", "object_repr": "Silver Bridal Bouquet Disc", "action_flag": 1, "change_message": "[{\"added\": {}}]"}}, {"model": "admin.logentry", "pk": 47, "fields": {"action_time": "2021-09-15T17:46:57.441Z", "user": 1, "content_type": 14, "object_id": "26", "object_repr": "Silver Bridal Bouquet Disc", "action_flag": 2, "change_message": "[{\"changed\": {\"fields\": [\"Sku\"]}}]"}}, {"model": "admin.logentry", "pk": 48, "fields": {"action_time": "2021-09-15T17:47:29.447Z", "user": 1, "content_type": 14, "object_id": "27", "object_repr": "Grey Christmas Ornament", "action_flag": 1, "change_message": "[{\"added\": {}}]"}}, {"model": "admin.logentry", "pk": 49, "fields": {"action_time": "2021-09-15T17:48:01.201Z", "user": 1, "content_type": 14, "object_id": "28", "object_repr": "Gold Christmas Ornament", "action_flag": 1, "change_message": "[{\"added\": {}}]"}}, {"model": "admin.logentry", "pk": 50, "fields": {"action_time": "2021-09-15T17:49:00.179Z", "user": 1, "content_type": 14, "object_id": "29", "object_repr": "LED Eid Moon and Star", "action_flag": 1, "change_message": "[{\"added\": {}}]"}}, {"model": "admin.logentry", "pk": 51, "fields": {"action_time": "2021-09-15T17:51:45.158Z", "user": 1, "content_type": 14, "object_id": "30", "object_repr": "Engagement Hamper", "action_flag": 1, "change_message": "[{\"added\": {}}]"}}, {"model": "admin.logentry", "pk": 52, "fields": {"action_time": "2021-09-15T17:54:36.038Z", "user": 1, "content_type": 14, "object_id": "31", "object_repr": "Engagement Piece with Stand", "action_flag": 1, "change_message": "[{\"added\": {}}]"}}, {"model": "admin.logentry", "pk": 53, "fields": {"action_time": "2021-09-15T17:56:07.672Z", "user": 1, "content_type": 14, "object_id": "32", "object_repr": "Date of Engagement Piece with Stand", "action_flag": 1, "change_message": "[{\"added\": {}}]"}}, {"model": "admin.logentry", "pk": 54, "fields": {"action_time": "2021-09-15T17:56:57.314Z", "user": 1, "content_type": 14, "object_id": "33", "object_repr": "Mothers Day Mirror", "action_flag": 1, "change_message": "[{\"added\": {}}]"}}, {"model": "admin.logentry", "pk": 55, "fields": {"action_time": "2021-09-15T17:57:55.679Z", "user": 1, "content_type": 14, "object_id": "34", "object_repr": "Scrabble Mothers Day Frame", "action_flag": 1, "change_message": "[{\"added\": {}}]"}}, {"model": "admin.logentry", "pk": 56, "fields": {"action_time": "2021-09-15T17:58:46.546Z", "user": 1, "content_type": 14, "object_id": "35", "object_repr": "Mothers Day Flower Frame", "action_flag": 1, "change_message": "[{\"added\": {}}]"}}, {"model": "admin.logentry", "pk": 57, "fields": {"action_time": "2021-09-15T17:59:41.958Z", "user": 1, "content_type": 14, "object_id": "36", "object_repr": "Mothers Day Heart Frame", "action_flag": 1, "change_message": "[{\"added\": {}}]"}}, {"model": "admin.logentry", "pk": 58, "fields": {"action_time": "2021-09-15T18:00:27.593Z", "user": 1, "content_type": 14, "object_id": "37", "object_repr": "Best Mum Frame", "action_flag": 1, "change_message": "[{\"added\": {}}]"}}, {"model": "admin.logentry", "pk": 59, "fields": {"action_time": "2021-09-15T18:02:11.720Z", "user": 1, "content_type": 14, "object_id": "38", "object_repr": "Ramadan Moon and Star", "action_flag": 1, "change_message": "[{\"added\": {}}]"}}, {"model": "admin.logentry", "pk": 60, "fields": {"action_time": "2021-09-15T18:02:51.858Z", "user": 1, "content_type": 14, "object_id": "39", "object_repr": "Ramadan Kareem (Grey)", "action_flag": 1, "change_message": "[{\"added\": {}}]"}}, {"model": "admin.logentry", "pk": 61, "fields": {"action_time": "2021-09-15T18:03:27.603Z", "user": 1, "content_type": 14, "object_id": "40", "object_repr": "Ramadan Kareem (Pink/Silver)", "action_flag": 1, "change_message": "[{\"added\": {}}]"}}, {"model": "admin.logentry", "pk": 62, "fields": {"action_time": "2021-09-15T18:04:34.071Z", "user": 1, "content_type": 14, "object_id": "41", "object_repr": "Ramadan Coaster & Leaf set", "action_flag": 1, "change_message": "[{\"added\": {}}]"}}, {"model": "admin.logentry", "pk": 63, "fields": {"action_time": "2021-09-15T18:05:32.603Z", "user": 1, "content_type": 14, "object_id": "42", "object_repr": "Ramadan Giftset", "action_flag": 1, "change_message": "[{\"added\": {}}]"}}, {"model": "admin.logentry", "pk": 64, "fields": {"action_time": "2021-09-15T18:07:40.155Z", "user": 1, "content_type": 14, "object_id": "22", "object_repr": "White Marble Coaster", "action_flag": 2, "change_message": "[{\"changed\": {\"fields\": [\"Sku\"]}}]"}}, {"model": "admin.logentry", "pk": 65, "fields": {"action_time": "2021-09-15T18:07:46.020Z", "user": 1, "content_type": 14, "object_id": "23", "object_repr": "Birthday Love Frame", "action_flag": 2, "change_message": "[{\"changed\": {\"fields\": [\"Sku\"]}}]"}}, {"model": "admin.logentry", "pk": 66, "fields": {"action_time": "2021-09-15T18:07:52.739Z", "user": 1, "content_type": 14, "object_id": "24", "object_repr": "Polaroid Stand", "action_flag": 2, "change_message": "[{\"changed\": {\"fields\": [\"Sku\"]}}]"}}, {"model": "admin.logentry", "pk": 67, "fields": {"action_time": "2021-09-15T18:07:58.163Z", "user": 1, "content_type": 14, "object_id": "25", "object_repr": "Gold Bridal Bouquet Disc", "action_flag": 2, "change_message": "[{\"changed\": {\"fields\": [\"Sku\"]}}]"}}, {"model": "admin.logentry", "pk": 68, "fields": {"action_time": "2021-09-15T18:08:04.629Z", "user": 1, "content_type": 14, "object_id": "26", "object_repr": "Silver Bridal Bouquet Disc", "action_flag": 2, "change_message": "[{\"changed\": {\"fields\": [\"Sku\"]}}]"}}, {"model": "admin.logentry", "pk": 69, "fields": {"action_time": "2021-09-15T18:08:11.429Z", "user": 1, "content_type": 14, "object_id": "27", "object_repr": "Grey Christmas Ornament", "action_flag": 2, "change_message": "[{\"changed\": {\"fields\": [\"Sku\"]}}]"}}, {"model": "admin.logentry", "pk": 70, "fields": {"action_time": "2021-09-15T18:08:18.020Z", "user": 1, "content_type": 14, "object_id": "28", "object_repr": "Gold Christmas Ornament", "action_flag": 2, "change_message": "[{\"changed\": {\"fields\": [\"Sku\"]}}]"}}, {"model": "admin.logentry", "pk": 71, "fields": {"action_time": "2021-09-15T18:08:23.678Z", "user": 1, "content_type": 14, "object_id": "29", "object_repr": "LED Eid Moon and Star", "action_flag": 2, "change_message": "[{\"changed\": {\"fields\": [\"Sku\"]}}]"}}, {"model": "admin.logentry", "pk": 72, "fields": {"action_time": "2021-09-15T18:08:29.747Z", "user": 1, "content_type": 14, "object_id": "30", "object_repr": "Engagement Hamper", "action_flag": 2, "change_message": "[{\"changed\": {\"fields\": [\"Sku\"]}}]"}}, {"model": "admin.logentry", "pk": 73, "fields": {"action_time": "2021-09-15T18:08:36.812Z", "user": 1, "content_type": 14, "object_id": "31", "object_repr": "Engagement Piece with Stand", "action_flag": 2, "change_message": "[{\"changed\": {\"fields\": [\"Sku\"]}}]"}}, {"model": "admin.logentry", "pk": 74, "fields": {"action_time": "2021-09-15T18:08:43.773Z", "user": 1, "content_type": 14, "object_id": "32", "object_repr": "Date of Engagement Piece with Stand", "action_flag": 2, "change_message": "[{\"changed\": {\"fields\": [\"Sku\"]}}]"}}, {"model": "admin.logentry", "pk": 75, "fields": {"action_time": "2021-09-15T18:08:48.348Z", "user": 1, "content_type": 14, "object_id": "33", "object_repr": "Mothers Day Mirror", "action_flag": 2, "change_message": "[{\"changed\": {\"fields\": [\"Sku\"]}}]"}}, {"model": "admin.logentry", "pk": 76, "fields": {"action_time": "2021-09-15T18:08:54.277Z", "user": 1, "content_type": 14, "object_id": "33", "object_repr": "Mothers Day Mirror", "action_flag": 2, "change_message": "[]"}}, {"model": "admin.logentry", "pk": 77, "fields": {"action_time": "2021-09-15T18:08:58.245Z", "user": 1, "content_type": 14, "object_id": "32", "object_repr": "Date of Engagement Piece with Stand", "action_flag": 2, "change_message": "[]"}}, {"model": "admin.logentry", "pk": 78, "fields": {"action_time": "2021-09-15T18:09:01.564Z", "user": 1, "content_type": 14, "object_id": "33", "object_repr": "Mothers Day Mirror", "action_flag": 2, "change_message": "[]"}}, {"model": "admin.logentry", "pk": 79, "fields": {"action_time": "2021-09-15T18:09:08.087Z", "user": 1, "content_type": 14, "object_id": "34", "object_repr": "Scrabble Mothers Day Frame", "action_flag": 2, "change_message": "[{\"changed\": {\"fields\": [\"Sku\"]}}]"}}, {"model": "admin.logentry", "pk": 80, "fields": {"action_time": "2021-09-15T18:09:13.302Z", "user": 1, "content_type": 14, "object_id": "35", "object_repr": "Mothers Day Flower Frame", "action_flag": 2, "change_message": "[{\"changed\": {\"fields\": [\"Sku\"]}}]"}}, {"model": "admin.logentry", "pk": 81, "fields": {"action_time": "2021-09-15T18:09:17.249Z", "user": 1, "content_type": 14, "object_id": "36", "object_repr": "Mothers Day Heart Frame", "action_flag": 2, "change_message": "[{\"changed\": {\"fields\": [\"Sku\"]}}]"}}, {"model": "admin.logentry", "pk": 82, "fields": {"action_time": "2021-09-15T18:09:21.602Z", "user": 1, "content_type": 14, "object_id": "37", "object_repr": "Best Mum Frame", "action_flag": 2, "change_message": "[{\"changed\": {\"fields\": [\"Sku\"]}}]"}}, {"model": "admin.logentry", "pk": 83, "fields": {"action_time": "2021-09-15T18:09:25.983Z", "user": 1, "content_type": 14, "object_id": "37", "object_repr": "Best Mum Frame", "action_flag": 2, "change_message": "[]"}}, {"model": "admin.logentry", "pk": 84, "fields": {"action_time": "2021-09-15T18:09:33.884Z", "user": 1, "content_type": 14, "object_id": "38", "object_repr": "Ramadan Moon and Star", "action_flag": 2, "change_message": "[{\"changed\": {\"fields\": [\"Sku\"]}}]"}}, {"model": "admin.logentry", "pk": 85, "fields": {"action_time": "2021-09-15T18:09:39.383Z", "user": 1, "content_type": 14, "object_id": "39", "object_repr": "Ramadan Kareem (Grey)", "action_flag": 2, "change_message": "[{\"changed\": {\"fields\": [\"Sku\"]}}]"}}, {"model": "admin.logentry", "pk": 86, "fields": {"action_time": "2021-09-15T18:09:44.094Z", "user": 1, "content_type": 14, "object_id": "40", "object_repr": "Ramadan Kareem (Pink/Silver)", "action_flag": 2, "change_message": "[{\"changed\": {\"fields\": [\"Sku\"]}}]"}}, {"model": "admin.logentry", "pk": 87, "fields": {"action_time": "2021-09-15T18:09:47.677Z", "user": 1, "content_type": 14, "object_id": "40", "object_repr": "Ramadan Kareem (Pink/Silver)", "action_flag": 2, "change_message": "[]"}}, {"model": "admin.logentry", "pk": 88, "fields": {"action_time": "2021-09-15T18:09:51.460Z", "user": 1, "content_type": 14, "object_id": "41", "object_repr": "Ramadan Coaster & Leaf set", "action_flag": 2, "change_message": "[{\"changed\": {\"fields\": [\"Sku\"]}}]"}}, {"model": "admin.logentry", "pk": 89, "fields": {"action_time": "2021-09-15T18:09:54.910Z", "user": 1, "content_type": 14, "object_id": "42", "object_repr": "Ramadan Giftset", "action_flag": 2, "change_message": "[{\"changed\": {\"fields\": [\"Sku\"]}}]"}}, {"model": "admin.logentry", "pk": 90, "fields": {"action_time": "2021-09-15T18:11:12.493Z", "user": 1, "content_type": 14, "object_id": "43", "object_repr": "Crystal Keyring Set", "action_flag": 1, "change_message": "[{\"added\": {}}]"}}, {"model": "admin.logentry", "pk": 91, "fields": {"action_time": "2021-09-15T18:11:33.923Z", "user": 1, "content_type": 14, "object_id": "44", "object_repr": "Firuze Bookmark", "action_flag": 1, "change_message": "[{\"added\": {}}]"}}, {"model": "admin.logentry", "pk": 92, "fields": {"action_time": "2021-09-15T18:12:10.197Z", "user": 1, "content_type": 14, "object_id": "45", "object_repr": "Floral Candle Holder", "action_flag": 1, "change_message": "[{\"added\": {}}]"}}, {"model": "admin.logentry", "pk": 93, "fields": {"action_time": "2021-09-15T18:12:38.825Z", "user": 1, "content_type": 14, "object_id": "46", "object_repr": "Galaxy Bookmark", "action_flag": 1, "change_message": "[{\"added\": {}}]"}}, {"model": "admin.logentry", "pk": 94, "fields": {"action_time": "2021-09-15T18:13:17.331Z", "user": 1, "content_type": 14, "object_id": "47", "object_repr": "Set of 3 Hairclips", "action_flag": 1, "change_message": "[{\"added\": {}}]"}}, {"model": "admin.logentry", "pk": 95, "fields": {"action_time": "2021-09-15T18:13:43.993Z", "user": 1, "content_type": 14, "object_id": "48", "object_repr": "Set of 3 Hairclips", "action_flag": 1, "change_message": "[{\"added\": {}}]"}}, {"model": "admin.logentry", "pk": 96, "fields": {"action_time": "2021-09-15T18:14:26.159Z", "user": 1, "content_type": 14, "object_id": "49", "object_repr": "Set of 2 Hairclips", "action_flag": 1, "change_message": "[{\"added\": {}}]"}}, {"model": "admin.logentry", "pk": 97, "fields": {"action_time": "2021-09-15T18:14:52.744Z", "user": 1, "content_type": 14, "object_id": "50", "object_repr": "Set of 3 Hairclips", "action_flag": 1, "change_message": "[{\"added\": {}}]"}}, {"model": "admin.logentry", "pk": 98, "fields": {"action_time": "2021-09-15T18:15:16.290Z", "user": 1, "content_type": 14, "object_id": "51", "object_repr": "Set of 3 Hairclips", "action_flag": 1, "change_message": "[{\"added\": {}}]"}}, {"model": "admin.logentry", "pk": 99, "fields": {"action_time": "2021-09-15T18:15:53.520Z", "user": 1, "content_type": 14, "object_id": "52", "object_repr": "Set of 7 Hairclips", "action_flag": 1, "change_message": "[{\"added\": {}}]"}}, {"model": "admin.logentry", "pk": 100, "fields": {"action_time": "2021-09-15T18:16:29.186Z", "user": 1, "content_type": 14, "object_id": "53", "object_repr": "Hamsa Crystal", "action_flag": 1, "change_message": "[{\"added\": {}}]"}}, {"model": "admin.logentry", "pk": 101, "fields": {"action_time": "2021-09-15T18:16:55.431Z", "user": 1, "content_type": 14, "object_id": "54", "object_repr": "Make Up Brush Holder", "action_flag": 1, "change_message": "[{\"added\": {}}]"}}, {"model": "admin.logentry", "pk": 102, "fields": {"action_time": "2021-09-15T18:17:10.998Z", "user": 1, "content_type": 14, "object_id": "55", "object_repr": "Ruby Bookmark", "action_flag": 1, "change_message": "[{\"added\": {}}]"}}, {"model": "admin.logentry", "pk": 103, "fields": {"action_time": "2021-09-15T18:17:45.161Z", "user": 1, "content_type": 14, "object_id": "56", "object_repr": "Turqoise Bookmark Set", "action_flag": 1, "change_message": "[{\"added\": {}}]"}}, {"model": "admin.logentry", "pk": 104, "fields": {"action_time": "2021-09-15T18:18:20.663Z", "user": 1, "content_type": 14, "object_id": "57", "object_repr": "Volcano Bookmark", "action_flag": 1, "change_message": "[{\"added\": {}}]"}}, {"model": "admin.logentry", "pk": 105, "fields": {"action_time": "2021-09-21T10:28:35.959Z", "user": 1, "content_type": 14, "object_id": "58", "object_repr": "Birthday Frame", "action_flag": 1, "change_message": "[{\"added\": {}}]"}}, {"model": "admin.logentry", "pk": 106, "fields": {"action_time": "2021-09-21T10:38:27.121Z", "user": 1, "content_type": 14, "object_id": "59", "object_repr": "Memorable Date Stand", "action_flag": 1, "change_message": "[{\"added\": {}}]"}}, {"model": "admin.logentry", "pk": 107, "fields": {"action_time": "2021-09-21T10:39:03.013Z", "user": 1, "content_type": 14, "object_id": "60", "object_repr": "Gold Bridal Bouquet Disc", "action_flag": 1, "change_message": "[{\"added\": {}}]"}}, {"model": "admin.logentry", "pk": 108, "fields": {"action_time": "2021-09-21T10:39:38.758Z", "user": 1, "content_type": 14, "object_id": "61", "object_repr": "Silver Bridal Bouquet Disc", "action_flag": 1, "change_message": "[{\"added\": {}}]"}}, {"model": "admin.logentry", "pk": 109, "fields": {"action_time": "2021-09-21T10:40:18.197Z", "user": 1, "content_type": 14, "object_id": "62", "object_repr": "Grey Christmas Ornament", "action_flag": 1, "change_message": "[{\"added\": {}}]"}}, {"model": "admin.logentry", "pk": 110, "fields": {"action_time": "2021-09-21T10:40:48.525Z", "user": 1, "content_type": 14, "object_id": "63", "object_repr": "Gold Christmas Ornament", "action_flag": 1, "change_message": "[{\"added\": {}}]"}}, {"model": "admin.logentry", "pk": 111, "fields": {"action_time": "2021-09-21T10:41:36.743Z", "user": 1, "content_type": 14, "object_id": "63", "object_repr": "Gold Christmas Ornament", "action_flag": 3, "change_message": ""}}, {"model": "admin.logentry", "pk": 112, "fields": {"action_time": "2021-09-21T10:41:36.788Z", "user": 1, "content_type": 14, "object_id": "62", "object_repr": "Grey Christmas Ornament", "action_flag": 3, "change_message": ""}}, {"model": "admin.logentry", "pk": 113, "fields": {"action_time": "2021-09-21T10:41:36.811Z", "user": 1, "content_type": 14, "object_id": "61", "object_repr": "Silver Bridal Bouquet Disc", "action_flag": 3, "change_message": ""}}, {"model": "admin.logentry", "pk": 114, "fields": {"action_time": "2021-09-21T10:41:36.836Z", "user": 1, "content_type": 14, "object_id": "60", "object_repr": "Gold Bridal Bouquet Disc", "action_flag": 3, "change_message": ""}}, {"model": "admin.logentry", "pk": 115, "fields": {"action_time": "2021-09-21T10:41:36.875Z", "user": 1, "content_type": 14, "object_id": "59", "object_repr": "Memorable Date Stand", "action_flag": 3, "change_message": ""}}, {"model": "admin.logentry", "pk": 116, "fields": {"action_time": "2021-09-21T10:41:36.901Z", "user": 1, "content_type": 14, "object_id": "58", "object_repr": "Birthday Frame", "action_flag": 3, "change_message": ""}}, {"model": "admin.logentry", "pk": 117, "fields": {"action_time": "2021-09-21T10:42:23.149Z", "user": 1, "content_type": 14, "object_id": "64", "object_repr": "Customised Art Pallet", "action_flag": 1, "change_message": "[{\"added\": {}}]"}}, {"model": "admin.logentry", "pk": 118, "fields": {"action_time": "2021-09-21T10:42:53.871Z", "user": 1, "content_type": 14, "object_id": "65", "object_repr": "Branded Coaster", "action_flag": 1, "change_message": "[{\"added\": {}}]"}}, {"model": "admin.logentry", "pk": 119, "fields": {"action_time": "2021-09-21T10:44:11.031Z", "user": 1, "content_type": 14, "object_id": "66", "object_repr": "Business Bookmark", "action_flag": 1, "change_message": "[{\"added\": {}}]"}}, {"model": "admin.logentry", "pk": 120, "fields": {"action_time": "2021-09-21T10:45:06.287Z", "user": 1, "content_type": 14, "object_id": "67", "object_repr": "Candle & Keyring set", "action_flag": 1, "change_message": "[{\"added\": {}}]"}}, {"model": "admin.logentry", "pk": 121, "fields": {"action_time": "2021-09-21T10:50:41.052Z", "user": 1, "content_type": 14, "object_id": "68", "object_repr": "Spotify Football Frame", "action_flag": 1, "change_message": "[{\"added\": {}}]"}}, {"model": "admin.logentry", "pk": 122, "fields": {"action_time": "2021-09-21T10:51:15.090Z", "user": 1, "content_type": 14, "object_id": "69", "object_repr": "Love Frame", "action_flag": 1, "change_message": "[{\"added\": {}}]"}}, {"model": "admin.logentry", "pk": 123, "fields": {"action_time": "2021-09-21T10:54:58.623Z", "user": 1, "content_type": 14, "object_id": "70", "object_repr": "Engagement Mirror", "action_flag": 1, "change_message": "[{\"added\": {}}]"}}, {"model": "admin.logentry", "pk": 124, "fields": {"action_time": "2021-09-21T10:56:00.671Z", "user": 1, "content_type": 14, "object_id": "71", "object_repr": "Quran Mirror Set", "action_flag": 1, "change_message": "[{\"added\": {}}]"}}, {"model": "admin.logentry", "pk": 125, "fields": {"action_time": "2021-09-21T10:57:22.328Z", "user": 1, "content_type": 14, "object_id": "72", "object_repr": "Spotify Frame", "action_flag": 1, "change_message": "[{\"added\": {}}]"}}, {"model": "admin.logentry", "pk": 126, "fields": {"action_time": "2021-09-21T10:58:32.435Z", "user": 1, "content_type": 14, "object_id": "73", "object_repr": "Personalised Tray", "action_flag": 1, "change_message": "[{\"added\": {}}]"}}, {"model": "admin.logentry", "pk": 127, "fields": {"action_time": "2021-09-21T11:00:36.452Z", "user": 1, "content_type": 14, "object_id": "74", "object_repr": "Zodiac Key ring", "action_flag": 1, "change_message": "[{\"added\": {}}]"}}, {"model": "admin.logentry", "pk": 128, "fields": {"action_time": "2021-09-21T11:01:12.546Z", "user": 1, "content_type": 14, "object_id": "75", "object_repr": "Black/Silver Tray", "action_flag": 1, "change_message": "[{\"added\": {}}]"}}, {"model": "admin.logentry", "pk": 129, "fields": {"action_time": "2021-09-21T11:01:32.605Z", "user": 1, "content_type": 14, "object_id": "76", "object_repr": "Bonfire Tray", "action_flag": 1, "change_message": "[{\"added\": {}}]"}}, {"model": "admin.logentry", "pk": 130, "fields": {"action_time": "2021-09-21T11:01:50.221Z", "user": 1, "content_type": 14, "object_id": "77", "object_repr": "Cherry Tray", "action_flag": 1, "change_message": "[{\"added\": {}}]"}}, {"model": "admin.logentry", "pk": 131, "fields": {"action_time": "2021-09-21T11:03:48.861Z", "user": 1, "content_type": 14, "object_id": "78", "object_repr": "Coffee Tray and Coaster", "action_flag": 1, "change_message": "[{\"added\": {}}]"}}, {"model": "admin.logentry", "pk": 132, "fields": {"action_time": "2021-09-21T11:04:35.885Z", "user": 1, "content_type": 14, "object_id": "79", "object_repr": "Fiery Sunset Ashtray", "action_flag": 1, "change_message": "[{\"added\": {}}]"}}, {"model": "admin.logentry", "pk": 133, "fields": {"action_time": "2021-09-21T11:05:02.212Z", "user": 1, "content_type": 14, "object_id": "80", "object_repr": "Galaxy Brass Tray", "action_flag": 1, "change_message": "[{\"added\": {}}]"}}, {"model": "admin.logentry", "pk": 134, "fields": {"action_time": "2021-09-21T11:05:51.301Z", "user": 1, "content_type": 14, "object_id": "81", "object_repr": "Galaxy Wooden Tray", "action_flag": 1, "change_message": "[{\"added\": {}}]"}}, {"model": "admin.logentry", "pk": 135, "fields": {"action_time": "2021-09-21T11:07:08.279Z", "user": 1, "content_type": 14, "object_id": "82", "object_repr": "Golden Bowl", "action_flag": 1, "change_message": "[{\"added\": {}}]"}}, {"model": "admin.logentry", "pk": 136, "fields": {"action_time": "2021-09-21T11:07:36.753Z", "user": 1, "content_type": 14, "object_id": "83", "object_repr": "Golden Ashtray", "action_flag": 1, "change_message": "[{\"added\": {}}]"}}, {"model": "admin.logentry", "pk": 137, "fields": {"action_time": "2021-09-21T11:08:03.140Z", "user": 1, "content_type": 14, "object_id": "84", "object_repr": "Golden Floret Tray", "action_flag": 1, "change_message": "[{\"added\": {}}]"}}, {"model": "admin.logentry", "pk": 138, "fields": {"action_time": "2021-09-21T11:08:31.551Z", "user": 1, "content_type": 14, "object_id": "85", "object_repr": "Leaf Tray", "action_flag": 1, "change_message": "[{\"added\": {}}]"}}, {"model": "admin.logentry", "pk": 139, "fields": {"action_time": "2021-09-21T11:08:53.250Z", "user": 1, "content_type": 14, "object_id": "86", "object_repr": "Green/Gold Tray", "action_flag": 1, "change_message": "[{\"added\": {}}]"}}, {"model": "admin.logentry", "pk": 140, "fields": {"action_time": "2021-09-21T11:09:28.417Z", "user": 1, "content_type": 14, "object_id": "87", "object_repr": "Amethyst Cake Stand", "action_flag": 1, "change_message": "[{\"added\": {}}]"}}, {"model": "admin.logentry", "pk": 141, "fields": {"action_time": "2021-09-21T11:10:02.690Z", "user": 1, "content_type": 14, "object_id": "88", "object_repr": "Black Cake Stand", "action_flag": 1, "change_message": "[{\"added\": {}}]"}}, {"model": "admin.logentry", "pk": 142, "fields": {"action_time": "2021-09-21T11:10:30.788Z", "user": 1, "content_type": 14, "object_id": "89", "object_repr": "Black/SIlver cake stand", "action_flag": 1, "change_message": "[{\"added\": {}}]"}}, {"model": "admin.logentry", "pk": 143, "fields": {"action_time": "2021-09-21T11:11:07.784Z", "user": 1, "content_type": 14, "object_id": "90", "object_repr": "Ocean Cake Stand", "action_flag": 1, "change_message": "[{\"added\": {}}]"}}, {"model": "admin.logentry", "pk": 144, "fields": {"action_time": "2021-09-21T11:12:54.123Z", "user": 1, "content_type": 14, "object_id": "91", "object_repr": "Pearl Cake Stand", "action_flag": 1, "change_message": "[{\"added\": {}}]"}}, {"model": "admin.logentry", "pk": 145, "fields": {"action_time": "2021-09-21T11:13:01.589Z", "user": 1, "content_type": 14, "object_id": "91", "object_repr": "Pearl Cake Stand", "action_flag": 2, "change_message": "[]"}}, {"model": "admin.logentry", "pk": 146, "fields": {"action_time": "2021-09-21T11:14:06.574Z", "user": 1, "content_type": 14, "object_id": "92", "object_repr": "Pearl Cake Stand and Coaster Set", "action_flag": 1, "change_message": "[{\"added\": {}}]"}}, {"model": "admin.logentry", "pk": 147, "fields": {"action_time": "2021-09-21T11:17:55.569Z", "user": 1, "content_type": 14, "object_id": "93", "object_repr": "Rose Gold Cake Stand", "action_flag": 1, "change_message": "[{\"added\": {}}]"}}, {"model": "admin.logentry", "pk": 148, "fields": {"action_time": "2021-09-21T11:18:36.338Z", "user": 1, "content_type": 14, "object_id": "94", "object_repr": "Rose Gold Cake Stand with Coasters", "action_flag": 1, "change_message": "[{\"added\": {}}]"}}, {"model": "admin.logentry", "pk": 149, "fields": {"action_time": "2021-09-21T11:19:14.271Z", "user": 1, "content_type": 14, "object_id": "95", "object_repr": "Royal Gold Cake Stand", "action_flag": 1, "change_message": "[{\"added\": {}}]"}}, {"model": "admin.logentry", "pk": 150, "fields": {"action_time": "2021-09-21T11:20:30.648Z", "user": 1, "content_type": 14, "object_id": "96", "object_repr": "Turqoise Gold Cake Stand", "action_flag": 1, "change_message": "[{\"added\": {}}]"}}, {"model": "admin.logentry", "pk": 151, "fields": {"action_time": "2021-09-21T14:05:54.195Z", "user": 1, "content_type": 14, "object_id": "1", "object_repr": "Anemone Coaster", "action_flag": 2, "change_message": "[{\"changed\": {\"fields\": [\"Sku\"]}}]"}}, {"model": "admin.logentry", "pk": 152, "fields": {"action_time": "2021-09-21T14:06:00.322Z", "user": 1, "content_type": 14, "object_id": "2", "object_repr": "Black/Silver Coaster Set", "action_flag": 2, "change_message": "[{\"changed\": {\"fields\": [\"Sku\"]}}]"}}, {"model": "admin.logentry", "pk": 153, "fields": {"action_time": "2021-09-21T14:06:06.998Z", "user": 1, "content_type": 14, "object_id": "3", "object_repr": "Bonfire Coaster", "action_flag": 2, "change_message": "[{\"changed\": {\"fields\": [\"Sku\"]}}]"}}, {"model": "admin.logentry", "pk": 154, "fields": {"action_time": "2021-09-21T14:06:14.736Z", "user": 1, "content_type": 14, "object_id": "4", "object_repr": "Citrus Coaster", "action_flag": 2, "change_message": "[{\"changed\": {\"fields\": [\"Sku\"]}}]"}}, {"model": "admin.logentry", "pk": 155, "fields": {"action_time": "2021-09-21T14:06:21.768Z", "user": 1, "content_type": 14, "object_id": "5", "object_repr": "Coffee Coaster", "action_flag": 2, "change_message": "[{\"changed\": {\"fields\": [\"Sku\"]}}]"}}, {"model": "admin.logentry", "pk": 156, "fields": {"action_time": "2021-09-21T14:06:27.583Z", "user": 1, "content_type": 14, "object_id": "6", "object_repr": "Flavia Coaster", "action_flag": 2, "change_message": "[{\"changed\": {\"fields\": [\"Sku\"]}}]"}}, {"model": "admin.logentry", "pk": 157, "fields": {"action_time": "2021-09-21T14:06:32.467Z", "user": 1, "content_type": 14, "object_id": "7", "object_repr": "Grapefruit Coaster", "action_flag": 2, "change_message": "[{\"changed\": {\"fields\": [\"Sku\"]}}]"}}, {"model": "admin.logentry", "pk": 158, "fields": {"action_time": "2021-09-21T14:06:38.135Z", "user": 1, "content_type": 14, "object_id": "8", "object_repr": "Honey Coaster", "action_flag": 2, "change_message": "[{\"changed\": {\"fields\": [\"Sku\"]}}]"}}, {"model": "admin.logentry", "pk": 159, "fields": {"action_time": "2021-09-21T14:06:48.195Z", "user": 1, "content_type": 14, "object_id": "9", "object_repr": "Hot Pink Coaster", "action_flag": 2, "change_message": "[{\"changed\": {\"fields\": [\"Sku\"]}}]"}}, {"model": "admin.logentry", "pk": 160, "fields": {"action_time": "2021-09-21T14:44:55.794Z", "user": 1, "content_type": 14, "object_id": "3", "object_repr": "Bonfire Coaster", "action_flag": 2, "change_message": "[{\"changed\": {\"fields\": [\"Image\"]}}]"}}, {"model": "admin.logentry", "pk": 161, "fields": {"action_time": "2021-09-22T14:06:23.777Z", "user": 1, "content_type": 13, "object_id": "6", "object_repr": "Cake Stands", "action_flag": 2, "change_message": "[{\"changed\": {\"fields\": [\"Friendly name\"]}}]"}}, {"model": "admin.logentry", "pk": 162, "fields": {"action_time": "2021-09-22T14:06:44.716Z", "user": 1, "content_type": 13, "object_id": "6", "object_repr": "Cake", "action_flag": 2, "change_message": "[{\"changed\": {\"fields\": [\"Name\"]}}]"}}, {"model": "admin.logentry", "pk": 163, "fields": {"action_time": "2021-09-22T14:28:34.766Z", "user": 1, "content_type": 13, "object_id": "6", "object_repr": "Cake", "action_flag": 2, "change_message": "[{\"changed\": {\"fields\": [\"Friendly name\"]}}]"}}, {"model": "admin.logentry", "pk": 164, "fields": {"action_time": "2021-09-22T15:38:15.624Z", "user": 1, "content_type": 14, "object_id": "83", "object_repr": "Golden Ashtray", "action_flag": 2, "change_message": "[{\"changed\": {\"fields\": [\"Image\"]}}]"}}, {"model": "admin.logentry", "pk": 165, "fields": {"action_time": "2021-09-29T15:43:23.827Z", "user": 1, "content_type": 13, "object_id": "2", "object_repr": "Occasions", "action_flag": 2, "change_message": "[{\"changed\": {\"fields\": [\"Friendly name\"]}}]"}}, {"model": "admin.logentry", "pk": 166, "fields": {"action_time": "2021-10-08T15:16:34.056Z", "user": 1, "content_type": 16, "object_id": "4", "object_repr": "C78B66DAA2C143679E923BD63E66A797", "action_flag": 2, "change_message": "[{\"changed\": {\"name\": \"order line item\", \"object\": \"SKU 04 on order C78B66DAA2C143679E923BD63E66A797\", \"fields\": [\"Quantity\"]}}]"}}, {"model": "admin.logentry", "pk": 167, "fields": {"action_time": "2021-10-08T15:16:41.514Z", "user": 1, "content_type": 16, "object_id": "4", "object_repr": "C78B66DAA2C143679E923BD63E66A797", "action_flag": 2, "change_message": "[{\"changed\": {\"name\": \"order line item\", \"object\": \"SKU 04 on order C78B66DAA2C143679E923BD63E66A797\", \"fields\": [\"Quantity\"]}}]"}}, {"model": "admin.logentry", "pk": 168, "fields": {"action_time": "2021-10-08T15:17:16.956Z", "user": 1, "content_type": 16, "object_id": "4", "object_repr": "C78B66DAA2C143679E923BD63E66A797", "action_flag": 2, "change_message": "[{\"deleted\": {\"name\": \"order line item\", \"object\": \"SKU 04 on order C78B66DAA2C143679E923BD63E66A797\"}}]"}}, {"model": "admin.logentry", "pk": 169, "fields": {"action_time": "2021-10-08T15:17:19.371Z", "user": 1, "content_type": 16, "object_id": "4", "object_repr": "C78B66DAA2C143679E923BD63E66A797", "action_flag": 2, "change_message": "[]"}}, {"model": "admin.logentry", "pk": 170, "fields": {"action_time": "2021-10-17T20:16:49.241Z", "user": 1, "content_type": 4, "object_id": "2", "object_repr": "hiba", "action_flag": 2, "change_message": "[{\"changed\": {\"fields\": [\"First name\", \"Last name\"]}}]"}}, {"model": "admin.logentry", "pk": 171, "fields": {"action_time": "2021-10-22T14:33:32.633Z", "user": 1, "content_type": 14, "object_id": "97", "object_repr": "hiba", "action_flag": 3, "change_message": ""}}, {"model": "admin.logentry", "pk": 172, "fields": {"action_time": "2021-10-22T14:42:39.322Z", "user": 1, "content_type": 14, "object_id": "98", "object_repr": "Layla", "action_flag": 3, "change_message": ""}}, {"model": "auth.user", "pk": 1, "fields": {"password": "pbkdf2_sha256$260000$rO4eCar9brHcjXRljjwHv1$O86ZQSTlLvsxoY+S18N0nzpUzQKAhr+HZMCTbtKkAXk=", "last_login": "2021-10-22T15:44:36.757Z", "is_superuser": true, "username": "xena", "first_name": "", "last_name": "", "email": "ali.sadiq91@gmail.com", "is_staff": true, "is_active": true, "date_joined": "2021-08-25T13:19:03.272Z", "groups": [], "user_permissions": []}}, {"model": "auth.user", "pk": 2, "fields": {"password": "pbkdf2_sha256$260000$Ig03zFOFeMRF94GKFxUlhu$VlHqGWOQJRVxB2PHWB8KrfOF/MbWNfkMF0pv/7yjRcY=", "last_login": "2021-10-22T15:55:30.004Z", "is_superuser": false, "username": "hiba", "first_name": "hiba", "last_name": "jawad", "email": "hibajawad@hotmail.co.uk", "is_staff": false, "is_active": true, "date_joined": "2021-10-16T21:15:04Z", "groups": [], "user_permissions": []}}, {"model": "sessions.session", "pk": "2dxfytu6lp1ypqzit3n6on65vlmqvua8", "fields": {"session_data": "eyJiYXNrZXQiOnsiNjUiOjMsIjc2IjoxfX0:1mYA0X:VOPmcgwgYJfaB6SEqayx3YZE5KrY0i8am6f51YN_qoc", "expire_date": "2021-10-20T16:43:05.581Z"}}, {"model": "sessions.session", "pk": "3oyxq81t6gri9rza7wry1wg8ygs75wwj", "fields": {"session_data": ".eJxVjEEOwiAUBe_CuiFAgUKX7j0D-cDHogZMaY3GeHdt0oVu38ybF3GwLpNbG84uRzISTrrfzUO4YNlAPEM5VRpqWebs6abQnTZ6rBGvh939C0zQpu9bo-WB9zFIC1YbMAwGkZBJbpK3CrVXiluIepBqCH3ohTARes5U8iiF3KINW8u1OHzc8vwkI-tIgzu6XFIlY4Jrw_cHGi5FIg:1mYrcd:B0CYqd_nYrIzNVQ0XNTKIVyIGyOdmaSiZDD4ZcPyzRk", "expire_date": "2021-10-22T15:17:19.566Z"}}, {"model": "sessions.session", "pk": "740mmk8l39ximeukw41tqfr9321p9u0x", "fields": {"session_data": "e30:1mbqcP:_uzGw-LcoQeKssz7yAe_T_Dwm2RHEn3Fpo8q77jactg", "expire_date": "2021-10-30T20:49:25.725Z"}}, {"model": "sessions.session", "pk": "b3begxa51gqgp23358bqmy75rhgbcgzy", "fields": {"session_data": "e30:1mbqbh:n6AbA2AI2nXvgpLOn2IqcdwUGSaHAix4L8k5voEKzRY", "expire_date": "2021-10-30T20:48:41.427Z"}}, {"model": "sessions.session", "pk": "cn23s11xzajjvh3xdk6id8xlt2didmln", "fields": {"session_data": "e30:1mbqxD:0Mo3P_mdsotk2DheFaiDuHzvrEhGA37baIrXwyBwCqE", "expire_date": "2021-10-30T21:10:55.234Z"}}, {"model": "sessions.session", "pk": "hptldmh75rg92skmqr6ubc0oq2jocld2", "fields": {"session_data": "e30:1mbqbB:fbMn9b8Cz6BMblD6cq02Z08imP00IlfO22eItRIgynw", "expire_date": "2021-10-30T20:48:09.056Z"}}, {"model": "sessions.session", "pk": "hzyrqu372ypoi9veh3g98dwli6jwpv89", "fields": {"session_data": ".eJxVjMsOwiAUBf-FtSG8C1269xvIBW4tasBAm2iM_65NutDtmTnzIh7WZfZrx-ZzIiPh5PC7BYhXLBtIFyjnSmMtS8uBbgrdaaenmvB23N2_wAx9_r4NOh65TFE5cMaCZTCICZnidgpOowlacwfJDEoPUUYphE0gOdNTQCXUFu3Ye67F4-Oe25OM7P0BeS4-sw:1mSjia:1v8nnbfMlc4AMVyBalmEEAGe3MpvhyY6RXRBsXxs-GU", "expire_date": "2021-10-05T17:38:08.874Z"}}, {"model": "sessions.session", "pk": "i2iswhlvj8pcvlc7o5rr7r2abbvg9zeq", "fields": {"session_data": ".eJxljEEOwiAUBe_CuiFQKKVduvcM5EN_LYpgoDUa4921pjExbmfmvQcB59ISZ3PF7EePg8Ez-ED6uIRQfe1SMJOe1KQiBpZ5-gDjh39mwZ0wrmI4Qjwk6lKcs7d0TehmC92nAcNua38OJijTe-2EdhpbPkrBGWtaixw62WlsuEMlsFFWoRSaSeiUZdg6NjIEpaStGa9hPS1Yik_R4O3i85307PkCY7RQNA:1mbr2h:k_55L3g51C_Ukg3071UnQHdTUc9pJvTW1DwNaOLutq4", "expire_date": "2021-10-30T21:16:35.895Z"}}, {"model": "sessions.session", "pk": "iawdvq8y1n1qdbtz9346vocqiydvpicd", "fields": {"session_data": ".eJxVjMEOwiAQBf-Fc0OWQint0bvfQBa6tagBA9RojP-uTXrQ65t582IW17rYtVC2YWIja1nzuzn0F4obmM4YT4n7FGsOjm8K32nhxzTR9bC7f4EFy_J9e2m8oV7MSgqArnckcFCDoU540pI67TQpaUDhoB1Q72EGQq2Va0G0uEULlRJStPS4hfxkIzSs4J1siHNiY80rvT_MLETH:1mcD4V:qAXoVyMi1mWF9r-2oHEDfEWZMu5hrsh4i1yyDXQoXc0", "expire_date": "2021-10-31T20:47:55.537Z"}}, {"model": "sessions.session", "pk": "l3hxz8cekn19tt4l2u0u4dclk1ld2bbn", "fields": {"session_data": "e30:1mbqan:3L0txq-CCCnwy5LvwbqUJKRLRF2qW_zh3szGe_HMJ90", "expire_date": "2021-10-30T20:47:45.449Z"}}, {"model": "sessions.session", "pk": "mrs0wbq93uvilxxcxygyx7uo49kqnpjt", "fields": {"session_data": ".eJxVjMsOwiAQRf-FtSFDeZR26d5vIAOdWtSAgTbRGP9dSbrQ7T3nnhdzuK2L2yoVFyc2so4dfjeP4UqpgemC6Zx5yGkt0fOm8J1WfsoT3Y67-xdYsC7fd5A2WOrFrKQA0L0ngYMaLGkRyEjSxhtS0oLCwXigPsAMhMYo34HosEUr1RpzcvS4x_JkI7w_cMw-ow:1mdwtX:-ZZ4YMO3ON7k3fOZEl_M64-xUjP9zvNvlxlmGzd1WhM", "expire_date": "2021-11-05T15:55:47.173Z"}}, {"model": "sessions.session", "pk": "qykk74a1cwvrgahyd3x4td4n22r0be6e", "fields": {"session_data": "e30:1mbqx3:K3K_UmPfPmfYNaYeI6tUpmtxKGA5WiTAlh_c4eZxs3c", "expire_date": "2021-10-30T21:10:45.980Z"}}, {"model": "sessions.session", "pk": "s8uibzq4bfvqo4z2eqqzutsyh1r49jo2", "fields": {"session_data": "eyJiYXNrZXQiOnsiMiI6eyJpdGVtc19ieV9zaXplIjp7Im0iOjF9fX19:1mVc2W:HpzdKO0wCR1hE5xzqXSJfnIDOyx7wAbunlYpb1MuIGs", "expire_date": "2021-10-13T16:02:36.778Z"}}, {"model": "sessions.session", "pk": "vkavx5znxip8vrweb9a8qb1zrulqe0z9", "fields": {"session_data": ".eJxVjDsOgzAQRO-yNbLwb7Fdps8Z0NpeAiECCUOFuHtAokiqkWbevB1a2ta-3Qov7ZAhgITqt4uURp6uIb9pes0izdO6DFFciLjXIp5z5s_jZv8EPZX-fCN7maTOyXjy6MjV1KiOayNdF71ljNZKTxkbY5ukk1bKZdKytl1ko8wpjVRGXiHsgBaCrgARgqzAuTOO4wtL1z9A:1mVHq4:IEC1Y6erx94K23ZdB81zpIJeD0oMtkGjySW5OoMhQ1c", "expire_date": "2021-10-12T18:28:24.045Z"}}, {"model": "sessions.session", "pk": "yw8la1vvph3sjcn1fcudoj5jd3pdmsvw", "fields": {"session_data": "eyJzYXZlX2luZm8iOmZhbHNlLCJiYXNrZXQiOnsiNzYiOjF9fQ:1mbqaJ:EFpW471xDfLq7ksvzi8PPesGVO8aneH3cjziS4DgrHM", "expire_date": "2021-10-30T20:47:15.370Z"}}, {"model": "sites.site", "pk": 1, "fields": {"domain": "xenadesigns.example.com", "name": "Xena Designs"}}, {"model": "account.emailaddress", "pk": 1, "fields": {"user": 1, "email": "ali.sadiq91@gmail.com", "verified": true, "primary": true}}, {"model": "account.emailaddress", "pk": 2, "fields": {"user": 2, "email": "hibajawad@hotmail.co.uk", "verified": true, "primary": true}}, {"model": "products.category", "pk": 1, "fields": {"name": "Coasters", "friendly_name": "Coasters"}}, {"model": "products.category", "pk": 2, "fields": {"name": "Occasions", "friendly_name": "Special Occasions"}}, {"model": "products.category", "pk": 3, "fields": {"name": "Accessories", "friendly_name": "Accessories"}}, {"model": "products.category", "pk": 4, "fields": {"name": "Personalised", "friendly_name": "Personalised Gifts"}}, {"model": "products.category", "pk": 5, "fields": {"name": "Trays", "friendly_name": "Trays"}}, {"model": "products.category", "pk": 6, "fields": {"name": "Cake", "friendly_name": "Cake Stands"}}, {"model": "products.product", "pk": 1, "fields": {"category": 1, "sku": "01", "name": "Anemone Coaster", "description": "Purple/Blue Coaster", "has_sizes": true, "price": "6.00", "image_url": null, "image": "AnemoneCoaster_q1KrQ0t.PNG"}}, {"model": "products.product", "pk": 2, "fields": {"category": 1, "sku": "02", "name": "Black/Silver Coaster Set", "description": "Set of 4 coasters", "has_sizes": true, "price": "24.00", "image_url": null, "image": "BlackSilverCoaster.PNG"}}, {"model": "products.product", "pk": 3, "fields": {"category": 1, "sku": "03", "name": "Bonfire Coaster", "description": "Red/Clear Coaster", "has_sizes": true, "price": "6.00", "image_url": null, "image": "BonfireCoaster.PNG"}}, {"model": "products.product", "pk": 4, "fields": {"category": 1, "sku": "04", "name": "Citrus Coaster", "description": "Round coaster with a hole in the middle.", "has_sizes": true, "price": "6.00", "image_url": null, "image": "CitrusCoaster.PNG"}}, {"model": "products.product", "pk": 5, "fields": {"category": 1, "sku": "05", "name": "Coffee Coaster", "description": "Round coaster made with real coffee beans", "has_sizes": true, "price": "8.00", "image_url": null, "image": "CoffeeCoaster.PNG"}}, {"model": "products.product", "pk": 6, "fields": {"category": 1, "sku": "06", "name": "Flavia Coaster", "description": "Round wavey coaster.", "has_sizes": true, "price": "6.00", "image_url": null, "image": "FlaviaCoaster.PNG"}}, {"model": "products.product", "pk": 7, "fields": {"category": 1, "sku": "07", "name": "Grapefruit Coaster", "description": "Orange/Red Coaster", "has_sizes": true, "price": "6.00", "image_url": null, "image": "GrapeFruitCoaster.PNG"}}, {"model": "products.product", "pk": 8, "fields": {"category": 1, "sku": "08", "name": "Honey Coaster", "description": "Square coaster with wavey top side.", "has_sizes": true, "price": "6.00", "image_url": null, "image": "HoneyCoaster.PNG"}}, {"model": "products.product", "pk": 9, "fields": {"category": 1, "sku": "09", "name": "Hot Pink Coaster", "description": "Square coaster with wavey top side.", "has_sizes": true, "price": "6.00", "image_url": null, "image": "HotPinkCoaster.PNG"}}, {"model": "products.product", "pk": 10, "fields": {"category": 1, "sku": "10", "name": "Lime Coaster", "description": "Circular green coaster with gold edging", "has_sizes": true, "price": "6.00", "image_url": null, "image": "LimeCoaster.PNG"}}, {"model": "products.product", "pk": 11, "fields": {"category": 1, "sku": "11", "name": "Magical Night Coaster", "description": "Circular blue coaster with a yellow middle", "has_sizes": true, "price": "6.00", "image_url": null, "image": "MagicalNightCoaster.PNG"}}, {"model": "products.product", "pk": 12, "fields": {"category": 1, "sku": "12", "name": "Noir Coaster", "description": "Coaster with black edge and lighter middle", "has_sizes": true, "price": "6.00", "image_url": null, "image": "NoirCoaster.PNG"}}, {"model": "products.product", "pk": 13, "fields": {"category": 1, "sku": "13", "name": "Pearl Coaster Set", "description": "Set of 4 gold/clear coasters.", "has_sizes": true, "price": "24.00", "image_url": null, "image": "PearlCoaster.PNG"}}, {"model": "products.product", "pk": 14, "fields": {"category": 1, "sku": "14", "name": "Rose Gold Vert Coaster Set", "description": "Set of 4 rose gold inverted coasters.", "has_sizes": true, "price": "24.00", "image_url": null, "image": "RoseGoldVertCoaster.PNG"}}, {"model": "products.product", "pk": 15, "fields": {"category": 1, "sku": "15", "name": "Rose Petal Coaster", "description": "Coaster made with rose petals", "has_sizes": true, "price": "6.00", "image_url": null, "image": "RosePetalCoaster.PNG"}}, {"model": "products.product", "pk": 16, "fields": {"category": 1, "sku": "16", "name": "Royal Blue Coaster", "description": "Royal Blue coaster with gold middle", "has_sizes": true, "price": "6.00", "image_url": null, "image": "RoyalBlueCoaster.PNG"}}, {"model": "products.product", "pk": 17, "fields": {"category": 1, "sku": "17", "name": "Snowflake Coaster set", "description": "Set of 4 white/silver coasters", "has_sizes": true, "price": "24.00", "image_url": null, "image": "SnowflakeCoaster.PNG"}}, {"model": "products.product", "pk": 18, "fields": {"category": 1, "sku": "18", "name": "Tea Coaster", "description": "Coaster to be used with a middle eastern cup of tea.", "has_sizes": true, "price": "4.00", "image_url": null, "image": "TeaCoaster.PNG"}}, {"model": "products.product", "pk": 19, "fields": {"category": 1, "sku": "19", "name": "Teal Silver Coaster", "description": "Teal/Silver coaster made with silver leaves", "has_sizes": true, "price": "6.00", "image_url": null, "image": "TealsilverCoaster.PNG"}}, {"model": "products.product", "pk": 20, "fields": {"category": 1, "sku": "20", "name": "Tropical Coaster", "description": "Blue/Yellow/Green coaster", "has_sizes": true, "price": "6.00", "image_url": null, "image": "TropicalCoaster.PNG"}}, {"model": "products.product", "pk": 21, "fields": {"category": 1, "sku": "21", "name": "Violet Coaster Set", "description": "Set of 4 Violet Coasters.", "has_sizes": true, "price": "24.00", "image_url": null, "image": "VioletCoaster.PNG"}}, {"model": "products.product", "pk": 22, "fields": {"category": 1, "sku": "22", "name": "White Marble Coaster", "description": "Raised edge marble affect coaster", "has_sizes": true, "price": "6.00", "image_url": null, "image": "WhitemarbleCoaster.PNG"}}, {"model": "products.product", "pk": 23, "fields": {"category": 2, "sku": "23", "name": "Birthday Love Frame", "description": "White frame with a heart shape made from pink flowers and a birthday message.", "has_sizes": false, "price": "15.00", "image_url": null, "image": "BdayFrame.PNG"}}, {"model": "products.product", "pk": 24, "fields": {"category": 2, "sku": "24", "name": "Polaroid Stand", "description": "Have your own picture here with flowers either side. Stand included", "has_sizes": false, "price": "18.00", "image_url": null, "image": "BlockSTand.PNG"}}, {"model": "products.product", "pk": 25, "fields": {"category": 2, "sku": "25", "name": "Gold Bridal Bouquet Disc", "description": "Have your names printed and attach this to your bridal bouquet.", "has_sizes": false, "price": "4.00", "image_url": null, "image": "BridalbouquetDisc.PNG"}}, {"model": "products.product", "pk": 26, "fields": {"category": 2, "sku": "26", "name": "Silver Bridal Bouquet Disc", "description": "Have your names printed and attach this to your bridal bouquet.", "has_sizes": false, "price": "4.00", "image_url": null, "image": "BridalbouquetDisc2.PNG"}}, {"model": "products.product", "pk": 27, "fields": {"category": 2, "sku": "27", "name": "Grey Christmas Ornament", "description": "Add this lovely ornament to your Christmas tree", "has_sizes": false, "price": "4.00", "image_url": null, "image": "ChristmasOrnament.PNG"}}, {"model": "products.product", "pk": 28, "fields": {"category": 2, "sku": "28", "name": "Gold Christmas Ornament", "description": "Add this lovely ornament to your Christmas tree", "has_sizes": false, "price": "4.00", "image_url": null, "image": "ChristmasOrnament2.PNG"}}, {"model": "products.product", "pk": 29, "fields": {"category": 2, "sku": "29", "name": "LED Eid Moon and Star", "description": "Moon and Star made with LED lights to shine up your home. Batteries not included.", "has_sizes": false, "price": "25.00", "image_url": null, "image": "EidLED.PNG"}}, {"model": "products.product", "pk": 30, "fields": {"category": 2, "sku": "30", "name": "Engagement Hamper", "description": "Gift this hamper to an engaged couple. Includes :\r\n\r\n1. Personalised Mirror with Quranic verse and names.\r\n\r\n2. Hand drawn picture of bride and groom\r\n\r\n3. 6 x personalised candle holders\r\n\r\n4. 2 x personalised keyrings", "has_sizes": false, "price": "60.00", "image_url": null, "image": "EngagementHamper.PNG"}}, {"model": "products.product", "pk": 31, "fields": {"category": 2, "sku": "31", "name": "Engagement Piece with Stand", "description": "Gift this lovely engagement piece, personalised with your own names.", "has_sizes": false, "price": "30.00", "image_url": null, "image": "engagementstand.PNG"}}, {"model": "products.product", "pk": 32, "fields": {"category": 2, "sku": "32", "name": "Date of Engagement Piece with Stand", "description": "Have your special date highlighted with this piece containing a calendar. Personalise it with your names.", "has_sizes": false, "price": "30.00", "image_url": null, "image": "EngagementTray.PNG"}}, {"model": "products.product", "pk": 33, "fields": {"category": 2, "sku": "33", "name": "Mothers Day Mirror", "description": "Gift this beautiful mirror for mothers day. Contains a qur'anic verse relevant to mothers day.", "has_sizes": false, "price": "30.00", "image_url": null, "image": "MotherDayMirror.PNG"}}, {"model": "products.product", "pk": 34, "fields": {"category": 2, "sku": "34", "name": "Scrabble Mothers Day Frame", "description": "White frame containing scrabble letters with the picture of your choice.", "has_sizes": false, "price": "25.00", "image_url": null, "image": "MothersDay.PNG"}}, {"model": "products.product", "pk": 35, "fields": {"category": 2, "sku": "35", "name": "Mothers Day Flower Frame", "description": "Lovely gift for mothers day containing a quote showing appreciation to your mother.", "has_sizes": false, "price": "25.00", "image_url": null, "image": "MothersDAyFrame2.PNG"}}, {"model": "products.product", "pk": 36, "fields": {"category": 2, "sku": "36", "name": "Mothers Day Heart Frame", "description": "White frame with a heart shaped from flowers. Use the picture of your choice.", "has_sizes": false, "price": "30.00", "image_url": null, "image": "MothersDayFrame3.PNG"}}, {"model": "products.product", "pk": 37, "fields": {"category": 2, "sku": "37", "name": "Best Mum Frame", "description": "A gift for mothers. Contains a background of white flowers.", "has_sizes": false, "price": "25.00", "image_url": null, "image": "MumFrame.PNG"}}, {"model": "products.product", "pk": 38, "fields": {"category": 2, "sku": "38", "name": "Ramadan Moon and Star", "description": "Black and Gold Moon and Star. Perfect gift for Ramadan.", "has_sizes": false, "price": "25.00", "image_url": null, "image": "Ramadan.PNG"}}, {"model": "products.product", "pk": 39, "fields": {"category": 2, "sku": "39", "name": "Ramadan Kareem (Grey)", "description": "Grey Ramadan Kareem gift", "has_sizes": false, "price": "25.00", "image_url": null, "image": "Ramadan2.PNG"}}, {"model": "products.product", "pk": 40, "fields": {"category": 2, "sku": "40", "name": "Ramadan Kareem (Pink/Silver)", "description": "Pink/Silver Ramadan Kareem gift", "has_sizes": false, "price": "25.00", "image_url": null, "image": "Ramadan3.PNG"}}, {"model": "products.product", "pk": 41, "fields": {"category": 2, "sku": "41", "name": "Ramadan Coaster & Leaf set", "description": "Contains :\r\n\r\n1 x Ramadan Kareem coaster\r\n1 x Matching Ramadan Leaf tray", "has_sizes": false, "price": "20.00", "image_url": null, "image": "RamadanCoasterLeaf.PNG"}}, {"model": "products.product", "pk": 42, "fields": {"category": 2, "sku": "42", "name": "Ramadan Giftset", "description": "Contains :\r\n\r\n1 x Ramadan Moon & Star\r\n1 x Ramadan Bookmark\r\n1 x Tasbeeh Counter", "has_sizes": false, "price": "30.00", "image_url": null, "image": "RamadanGiftSet.PNG"}}, {"model": "products.product", "pk": 43, "fields": {"category": 3, "sku": "43", "name": "Crystal Keyring Set", "description": "Set of 4 Crystal Keyrings", "has_sizes": false, "price": "10.00", "image_url": null, "image": "CrystalKeyringSet.PNG"}}, {"model": "products.product", "pk": 44, "fields": {"category": 3, "sku": "44", "name": "Firuze Bookmark", "description": "Turqouise Bookmark", "has_sizes": false, "price": "3.00", "image_url": null, "image": "FiruzeBookmark.PNG"}}, {"model": "products.product", "pk": 45, "fields": {"category": 3, "sku": "45", "name": "Floral Candle Holder", "description": "Candle Holder made with dried flowers", "has_sizes": false, "price": "6.00", "image_url": null, "image": "FloralCandleHolder.PNG"}}, {"model": "products.product", "pk": 46, "fields": {"category": 3, "sku": "46", "name": "Galaxy Bookmark", "description": "Dark Blue/Purple bookmark with glitter", "has_sizes": false, "price": "3.00", "image_url": null, "image": "GalaxyBookmark.PNG"}}, {"model": "products.product", "pk": 47, "fields": {"category": 3, "sku": "47", "name": "Set of 3 Hairclips", "description": "Set of different coloured hairclips", "has_sizes": false, "price": "6.00", "image_url": null, "image": "HairClip1.PNG"}}, {"model": "products.product", "pk": 48, "fields": {"category": 3, "sku": "48", "name": "Set of 3 Hairclips", "description": "Set of different coloured hairclips", "has_sizes": false, "price": "6.00", "image_url": null, "image": "HairClip2.PNG"}}, {"model": "products.product", "pk": 49, "fields": {"category": 3, "sku": "49", "name": "Set of 2 Hairclips", "description": "Set of different coloured hairclips", "has_sizes": false, "price": "4.00", "image_url": null, "image": "HairClip3.PNG"}}, {"model": "products.product", "pk": 50, "fields": {"category": 3, "sku": "50", "name": "Set of 3 Hairclips", "description": "Set of hairclips with different designs.", "has_sizes": false, "price": "6.00", "image_url": null, "image": "HairClip4.PNG"}}, {"model": "products.product", "pk": 51, "fields": {"category": 3, "sku": "51", "name": "Set of 3 Hairclips", "description": "Set of hairclips with different designs", "has_sizes": false, "price": "6.00", "image_url": null, "image": "HairClip6.PNG"}}, {"model": "products.product", "pk": 52, "fields": {"category": 3, "sku": "52", "name": "Set of 7 Hairclips", "description": "Each hairclip with a different design/colour", "has_sizes": false, "price": "12.00", "image_url": null, "image": "HairClipSet.PNG"}}, {"model": "products.product", "pk": 53, "fields": {"category": 3, "sku": "53", "name": "Hamsa Crystal", "description": "Crystal with Hamsa imprint. Includes stand", "has_sizes": false, "price": "25.00", "image_url": null, "image": "HamsaCrystal.PNG"}}, {"model": "products.product", "pk": 54, "fields": {"category": 3, "sku": "54", "name": "Make Up Brush Holder", "description": "Pink/Purple holder for brushes", "has_sizes": false, "price": "6.00", "image_url": null, "image": "MakeUpHolder.PNG"}}, {"model": "products.product", "pk": 55, "fields": {"category": 3, "sku": "55", "name": "Ruby Bookmark", "description": "Dark pink bookmark", "has_sizes": false, "price": "3.00", "image_url": null, "image": "RubyBookmark.PNG"}}, {"model": "products.product", "pk": 56, "fields": {"category": 3, "sku": "56", "name": "Turqoise Bookmark Set", "description": "Set of 3 Turqoise bookmarks each added with a different colour", "has_sizes": false, "price": "6.00", "image_url": null, "image": "TurqoiseBookmarkSet.PNG"}}, {"model": "products.product", "pk": 57, "fields": {"category": 3, "sku": "57", "name": "Volcano Bookmark", "description": "Dark red volcano bookmark", "has_sizes": false, "price": "3.00", "image_url": null, "image": "VolcanoBookmark.PNG"}}, {"model": "products.product", "pk": 64, "fields": {"category": 4, "sku": "58", "name": "Customised Art Pallet", "description": "Have your own logo on this art pallet", "has_sizes": false, "price": "25.00", "image_url": null, "image": "ArtPallet.PNG"}}, {"model": "products.product", "pk": 65, "fields": {"category": 4, "sku": "59", "name": "Branded Coaster", "description": "Customise this coaster with your own brand", "has_sizes": false, "price": "8.00", "image_url": null, "image": "BrandCoaster.PNG"}}, {"model": "products.product", "pk": 66, "fields": {"category": 4, "sku": "60", "name": "Business Bookmark", "description": "Add your logo/business name to this bookmark", "has_sizes": false, "price": "5.00", "image_url": null, "image": "BusinessBookmark.PNG"}}, {"model": "products.product", "pk": 67, "fields": {"category": 4, "sku": "61", "name": "Candle & Keyring set", "description": "Add your initials to this candle & keyring set", "has_sizes": false, "price": "8.00", "image_url": null, "image": "CandleKeyring.PNG"}}, {"model": "products.product", "pk": 68, "fields": {"category": 4, "sku": "62", "name": "Spotify Football Frame", "description": "Choose your own team and your favourite chant to add to this Spotify frame", "has_sizes": false, "price": "25.00", "image_url": null, "image": "FootballSpotify.PNG"}}, {"model": "products.product", "pk": 69, "fields": {"category": 4, "sku": "63", "name": "Love Frame", "description": "Add your loved ones name to this frame", "has_sizes": false, "price": "20.00", "image_url": null, "image": "Love.PNG"}}, {"model": "products.product", "pk": 70, "fields": {"category": 4, "sku": "64", "name": "Engagement Mirror", "description": "Gift this to mirror to an engaged couple", "has_sizes": false, "price": "45.00", "image_url": null, "image": "Mirror.PNG"}}, {"model": "products.product", "pk": 71, "fields": {"category": 4, "sku": "65", "name": "Quran Mirror Set", "description": "Add your chosen Surahs to this mirror set", "has_sizes": false, "price": "60.00", "image_url": null, "image": "QuranMirrorSet.PNG"}}, {"model": "products.product", "pk": 72, "fields": {"category": 4, "sku": "66", "name": "Spotify Frame", "description": "Choose your own picture and memorable song to add to this Spotify frame", "has_sizes": false, "price": "30.00", "image_url": null, "image": "SpotifyWedding.PNG"}}, {"model": "products.product", "pk": 73, "fields": {"category": 4, "sku": "67", "name": "Personalised Tray", "description": "Add your own name/message to this tray", "has_sizes": false, "price": "30.00", "image_url": null, "image": "Tray.PNG"}}, {"model": "products.product", "pk": 74, "fields": {"category": 4, "sku": "68", "name": "Zodiac Key ring", "description": "Choose your Zodiac sign to add to your key ring", "has_sizes": false, "price": "6.00", "image_url": null, "image": "ZodiacKeyring.PNG"}}, {"model": "products.product", "pk": 75, "fields": {"category": 5, "sku": "69", "name": "Black/Silver Tray", "description": "Black/Silver tray with gold handles", "has_sizes": false, "price": "30.00", "image_url": null, "image": "BlackSilverTray.PNG"}}, {"model": "products.product", "pk": 76, "fields": {"category": 5, "sku": "70", "name": "Bonfire Tray", "description": "Red Bonfire Tray", "has_sizes": false, "price": "30.00", "image_url": null, "image": "BonfireTray.PNG"}}, {"model": "products.product", "pk": 77, "fields": {"category": 5, "sku": "71", "name": "Cherry Tray", "description": "Cherry Pink tray", "has_sizes": false, "price": "30.00", "image_url": null, "image": "CherryTray.PNG"}}, {"model": "products.product", "pk": 78, "fields": {"category": 5, "sku": "72", "name": "Coffee Tray and Coaster", "description": "Tray and Coaster set made with coffee beans", "has_sizes": false, "price": "12.00", "image_url": null, "image": "CofeeSet.PNG"}}, {"model": "products.product", "pk": 79, "fields": {"category": 5, "sku": "73", "name": "Fiery Sunset Ashtray", "description": "Bright red ashtray", "has_sizes": false, "price": "8.00", "image_url": null, "image": "FierySunsetAshtray.PNG"}}, {"model": "products.product", "pk": 80, "fields": {"category": 5, "sku": "74", "name": "Galaxy Brass Tray", "description": "Brass tray made with a purple galaxy design", "has_sizes": false, "price": "30.00", "image_url": null, "image": "GalaxyBrassTray.PNG"}}, {"model": "products.product", "pk": 81, "fields": {"category": 5, "sku": "75", "name": "Galaxy Wooden Tray", "description": "Wooden Tray made with a galaxy design", "has_sizes": false, "price": "30.00", "image_url": null, "image": "GalaxyWoodenTray.PNG"}}, {"model": "products.product", "pk": 82, "fields": {"category": 5, "sku": "76", "name": "Golden Bowl", "description": "Beautiful wavey golden bowl. Used for decorative purposes", "has_sizes": false, "price": "30.00", "image_url": null, "image": "GoldBowl.PNG"}}, {"model": "products.product", "pk": 83, "fields": {"category": 5, "sku": "77", "name": "Golden Ashtray", "description": "Ashtray made with golden design", "has_sizes": false, "price": "8.00", "image_url": null, "image": "GoldenAshtray.PNG"}}, {"model": "products.product", "pk": 84, "fields": {"category": 5, "sku": "78", "name": "Golden Floret Tray", "description": "Flowery tray with golden handles", "has_sizes": false, "price": "30.00", "image_url": null, "image": "GoldenFloretTray.PNG"}}, {"model": "products.product", "pk": 85, "fields": {"category": 5, "sku": "79", "name": "Leaf Tray", "description": "Golden Leaf Tray", "has_sizes": false, "price": "10.00", "image_url": null, "image": "GoldLeafTray.PNG"}}, {"model": "products.product", "pk": 86, "fields": {"category": 5, "sku": "80", "name": "Green/Gold Tray", "description": "Green and gold tray with golden handles", "has_sizes": false, "price": "30.00", "image_url": null, "image": "GreenGoldTray.PNG"}}, {"model": "products.product", "pk": 87, "fields": {"category": 6, "sku": "81", "name": "Amethyst Cake Stand", "description": "Black/SIlver/Gold cake stand", "has_sizes": false, "price": "30.00", "image_url": null, "image": "AmethystCake.PNG"}}, {"model": "products.product", "pk": 88, "fields": {"category": 6, "sku": "82", "name": "Black Cake Stand", "description": "2 tier cake stand with silver handle", "has_sizes": false, "price": "35.00", "image_url": null, "image": "BlackCakeStand.PNG"}}, {"model": "products.product", "pk": 89, "fields": {"category": 6, "sku": "83", "name": "Black/SIlver cake stand", "description": "1 tier stand with silver base", "has_sizes": false, "price": "25.00", "image_url": null, "image": "BlackSilverCake.PNG"}}, {"model": "products.product", "pk": 90, "fields": {"category": 6, "sku": "84", "name": "Ocean Cake Stand", "description": "3 tier white/blue cake stand", "has_sizes": false, "price": "40.00", "image_url": null, "image": "OceanCake.PNG"}}, {"model": "products.product", "pk": 91, "fields": {"category": 6, "sku": "85", "name": "Pearl Cake Stand", "description": "3 tier gold and white stand with golden handle", "has_sizes": false, "price": "35.00", "image_url": null, "image": "PearlCake.PNG"}}, {"model": "products.product", "pk": 92, "fields": {"category": 6, "sku": "86", "name": "Pearl Cake Stand and Coaster Set", "description": "Pearl cake stand with 4 matching coasters", "has_sizes": false, "price": "60.00", "image_url": null, "image": "PearlCakeCoasterSet.PNG"}}, {"model": "products.product", "pk": 93, "fields": {"category": 6, "sku": "87", "name": "Rose Gold Cake Stand", "description": "3 tier rose gold cake stand with silver handle", "has_sizes": false, "price": "30.00", "image_url": null, "image": "RoseGoldCakeStand.PNG"}}, {"model": "products.product", "pk": 94, "fields": {"category": 6, "sku": "88", "name": "Rose Gold Cake Stand with Coasters", "description": "Cake stand with 4 matching coasters", "has_sizes": false, "price": "60.00", "image_url": null, "image": "RoseGoldCakeStandCoasters.PNG"}}, {"model": "products.product", "pk": 95, "fields": {"category": 6, "sku": "89", "name": "Royal Gold Cake Stand", "description": "4 tier cake stand with gold handle", "has_sizes": false, "price": "40.00", "image_url": null, "image": "RoyalgoldCake.PNG"}}, {"model": "products.product", "pk": 96, "fields": {"category": 6, "sku": "90", "name": "Turqoise Gold Cake Stand", "description": "2 tier cake stand with gold handle", "has_sizes": false, "price": "30.00", "image_url": null, "image": "TurqoiseGoldCake.PNG"}}, {"model": "checkout.order", "pk": 1, "fields": {"order_number": "C7C048F2E5E44BA0B47EA2BC90B18EF0", "user_profile": null, "full_name": "dfadwadw", "email": "adsadwa@gmail.com", "phone_number": "382091830219", "country": "jdoisajod", "postcode": "joidjwaoid", "town_or_city": "doiawjodaw", "street_address1": "doiwajdoia", "street_address2": "djoiwajdoiwa", "county": "jdoiwajdwoia", "date": "2021-10-08T15:08:04.318Z", "delivery_cost": "0.00", "order_total": "0.00", "grand_total": "0.00", "original_basket": "", "stripe_pid": ""}}, {"model": "checkout.order", "pk": 2, "fields": {"order_number": "88C716EB9D894DF7BB89E289B547765F", "user_profile": null, "full_name": "dfadwadw", "email": "adsadwa@gmail.com", "phone_number": "382091830219", "country": "jdoisajod", "postcode": "joidjwaoid", "town_or_city": "doiawjodaw", "street_address1": "doiwajdoia", "street_address2": "djoiwajdoiwa", "county": "jdoiwajdwoia", "date": "2021-10-08T15:09:55.002Z", "delivery_cost": "180.00", "order_total": "36.00", "grand_total": "216.00", "original_basket": "", "stripe_pid": ""}}, {"model": "checkout.order", "pk": 3, "fields": {"order_number": "AF49661E1F0541FCB172675951ED024F", "user_profile": null, "full_name": "dsadas", "email": "dadas@l.com", "phone_number": "99-09-0", "country": "dpowakdwa", "postcode": "kpodkwapodk", "town_or_city": "kpokdwopakd", "street_address1": "kopkdwpoakd", "street_address2": "kdpowakdpoa", "county": "kdpowkadpowak", "date": "2021-10-08T15:12:17.467Z", "delivery_cost": "29.00", "order_total": "24.00", "grand_total": "53.00", "original_basket": "", "stripe_pid": ""}}, {"model": "checkout.order", "pk": 4, "fields": {"order_number": "C78B66DAA2C143679E923BD63E66A797", "user_profile": null, "full_name": "dadjwaok", "email": "kdspadwa@gmail.com", "phone_number": "jomdwaiakjdoawk", "country": "dkpowakdpwoa", "postcode": "dkmwpoakdpwoak", "town_or_city": "kdpowakdpowak", "street_address1": "kppodwkapodkwa", "street_address2": "dwadwadw", "county": "adwadwadwa", "date": "2021-10-08T15:13:23.767Z", "delivery_cost": "5.00", "order_total": "0.00", "grand_total": "5.00", "original_basket": "", "stripe_pid": ""}}, {"model": "checkout.order", "pk": 5, "fields": {"order_number": "AFD4C8C357C3446DBDB48D7CEE743384", "user_profile": null, "full_name": "deadwa", "email": "dwadwa@gmail.com", "phone_number": "342321321", "country": "efdse", "postcode": null, "town_or_city": "fdsfs", "street_address1": "dfesada", "street_address2": null, "county": null, "date": "2021-10-15T13:08:01.169Z", "delivery_cost": "5.00", "order_total": "35.00", "grand_total": "40.00", "original_basket": "", "stripe_pid": ""}}, {"model": "checkout.order", "pk": 6, "fields": {"order_number": "5BFD631E336E486A83CB8644A29E01A5", "user_profile": null, "full_name": "dsadwasda", "email": "dadwa@gmail.com", "phone_number": "392q93-210931", "country": "dposkakdp", "postcode": null, "town_or_city": "dpowakpda", "street_address1": "dwadwadwa", "street_address2": null, "county": null, "date": "2021-10-15T13:26:23.261Z", "delivery_cost": "5.00", "order_total": "5.00", "grand_total": "10.00", "original_basket": "", "stripe_pid": ""}}, {"model": "checkout.order", "pk": 7, "fields": {"order_number": "7F282915261743419DB7E24CCE0E4E6D", "user_profile": null, "full_name": "djaoda", "email": "dsadwa@gmail.com", "phone_number": "94023131", "country": "GB", "postcode": null, "town_or_city": "khkjhj", "street_address1": "kjhkh", "street_address2": null, "county": null, "date": "2021-10-16T14:28:20.813Z", "delivery_cost": "0.00", "order_total": "60.00", "grand_total": "60.00", "original_basket": "{\"4\": {\"items_by_size\": {\"m\": 10}}}", "stripe_pid": "pi_3JlDrKH0oItxg5aH0ioz99C3"}}, {"model": "checkout.order", "pk": 8, "fields": {"order_number": "7BE7D05F85C345FE90FFD904B3EFB2D5", "user_profile": null, "full_name": "dcsadsada", "email": "dsajsa@gmaik.com", "phone_number": "902913-", "country": "GB", "postcode": null, "town_or_city": "dkopsakdp", "street_address1": "kdpaokdpaw", "street_address2": null, "county": null, "date": "2021-10-16T14:34:43.385Z", "delivery_cost": "5.00", "order_total": "40.00", "grand_total": "45.00", "original_basket": "{\"65\": 5}", "stripe_pid": "pi_3JlDxsH0oItxg5aH1hAPFZH9"}}, {"model": "checkout.order", "pk": 9, "fields": {"order_number": "A703166F489247FAAA09FCF1EF9B39D7", "user_profile": 2, "full_name": "ali plays", "email": "yeslad@gmail.com", "phone_number": "38902183012", "country": "AZ", "postcode": "dadsa", "town_or_city": "dwsadwa", "street_address1": "dwadaw", "street_address2": null, "county": null, "date": "2021-10-17T20:11:46.580Z", "delivery_cost": "5.00", "order_total": "48.00", "grand_total": "53.00", "original_basket": "{\"2\": {\"items_by_size\": {\"m\": 2}}}", "stripe_pid": "pi_3JlfgwH0oItxg5aH1Jr7M1bV"}}, {"model": "checkout.order", "pk": 10, "fields": {"order_number": "E7DA19C1C0614D90A6F876DEB33D05D1", "user_profile": 2, "full_name": "hiba jawad", "email": "hibajawad@hotmail.co.uk", "phone_number": "38902183012", "country": "AZ", "postcode": "dadsa", "town_or_city": "dwsadwa", "street_address1": "dwadaw", "street_address2": null, "county": null, "date": "2021-10-17T20:24:15.841Z", "delivery_cost": "5.00", "order_total": "48.00", "grand_total": "53.00", "original_basket": "{\"2\": {\"items_by_size\": {\"m\": 2}}}", "stripe_pid": "pi_3JlftpH0oItxg5aH1rBBhFBV"}}, {"model": "checkout.order", "pk": 11, "fields": {"order_number": "8FDAF8776FEA40868E32E4155316EDB8", "user_profile": 2, "full_name": "hiba jawad", "email": "hibajawad@hotmail.co.uk", "phone_number": "38902183012", "country": "AZ", "postcode": "dadsa", "town_or_city": "dwsadwa", "street_address1": "dwadaw", "street_address2": null, "county": null, "date": "2021-10-17T20:24:57.208Z", "delivery_cost": "0.00", "order_total": "140.00", "grand_total": "140.00", "original_basket": "{\"88\": 4}", "stripe_pid": "pi_3JlfuJH0oItxg5aH0LLYZm5O"}}, {"model": "checkout.order", "pk": 12, "fields": {"order_number": "DE3DFA93CE6F4D769D7A93BE684829CE", "user_profile": 2, "full_name": "hiba jawad", "email": "hibajawad@hotmail.co.uk", "phone_number": "38902183012", "country": "GB", "postcode": "iojkoikopkopk", "town_or_city": "dwadwad", "street_address1": "wsadwa", "street_address2": null, "county": "dwadwad", "date": "2021-10-17T20:41:02.959Z", "delivery_cost": "5.00", "order_total": "24.00", "grand_total": "29.00", "original_basket": "{\"78\": 2}", "stripe_pid": "pi_3Jlg8qH0oItxg5aH1Bq8xbsf"}}, {"model": "checkout.order", "pk": 13, "fields": {"order_number": "98FA6A73F9954EC1829917DA59B0CD6E", "user_profile": 2, "full_name": "hiba jawad", "email": "hibajawad@hotmail.co.uk", "phone_number": "38902183012", "country": "GB", "postcode": "iojkoikopkopk", "town_or_city": "dwadwad", "street_address1": "wsadwa", "street_address2": null, "county": "dwadwad", "date": "2021-10-17T20:47:55.256Z", "delivery_cost": "0.00", "order_total": "120.00", "grand_total": "120.00", "original_basket": "{\"77\": 4}", "stripe_pid": "pi_3JlgGiH0oItxg5aH1ZQxh2OA"}}, {"model": "checkout.orderlineitem", "pk": 1, "fields": {"order": 1, "product": 81, "product_size": null, "quantity": 1, "lineitem_total": "30.00"}}, {"model": "checkout.orderlineitem", "pk": 2, "fields": {"order": 2, "product": 81, "product_size": null, "quantity": 1, "lineitem_total": "30.00"}}, {"model": "checkout.orderlineitem", "pk": 3, "fields": {"order": 2, "product": 3, "product_size": "m", "quantity": 1, "lineitem_total": "6.00"}}, {"model": "checkout.orderlineitem", "pk": 4, "fields": {"order": 3, "product": 2, "product_size": "m", "quantity": 1, "lineitem_total": "24.00"}}, {"model": "checkout.orderlineitem", "pk": 6, "fields": {"order": 5, "product": 88, "product_size": null, "quantity": 1, "lineitem_total": "35.00"}}, {"model": "checkout.orderlineitem", "pk": 7, "fields": {"order": 6, "product": 66, "product_size": null, "quantity": 1, "lineitem_total": "5.00"}}, {"model": "checkout.orderlineitem", "pk": 8, "fields": {"order": 7, "product": 4, "product_size": "m", "quantity": 10, "lineitem_total": "60.00"}}, {"model": "checkout.orderlineitem", "pk": 9, "fields": {"order": 8, "product": 65, "product_size": null, "quantity": 5, "lineitem_total": "40.00"}}, {"model": "checkout.orderlineitem", "pk": 10, "fields": {"order": 9, "product": 2, "product_size": "m", "quantity": 2, "lineitem_total": "48.00"}}, {"model": "checkout.orderlineitem", "pk": 11, "fields": {"order": 10, "product": 2, "product_size": "m", "quantity": 2, "lineitem_total": "48.00"}}, {"model": "checkout.orderlineitem", "pk": 12, "fields": {"order": 11, "product": 88, "product_size": null, "quantity": 4, "lineitem_total": "140.00"}}, {"model": "checkout.orderlineitem", "pk": 13, "fields": {"order": 12, "product": 78, "product_size": null, "quantity": 2, "lineitem_total": "24.00"}}, {"model": "checkout.orderlineitem", "pk": 14, "fields": {"order": 13, "product": 77, "product_size": null, "quantity": 4, "lineitem_total": "120.00"}}, {"model": "profiles.userprofile", "pk": 1, "fields": {"user": 1, "default_phone_number": null, "default_country": null, "default_postcode": null, "default_town_or_city": null, "default_street_address1": null, "default_street_address2": null, "default_county": null}}, {"model": "profiles.userprofile", "pk": 2, "fields": {"user": 2, "default_phone_number": "38902183012", "default_country": "GB", "default_postcode": "iojkoikopkopk", "default_town_or_city": "dwadwad", "default_street_address1": "wsadwa", "default_street_address2": null, "default_county": "dwadwad"}}]